<?xml version="1.0" encoding="UTF-8"?>
<project-private xmlns="http://www.netbeans.org/ns/project-private/1">
    <editor-bookmarks xmlns="http://www.netbeans.org/ns/editor-bookmarks/2" lastBookmarkId="0"/>
    <open-files xmlns="http://www.netbeans.org/ns/projectui-open-files/2">
        <group>
            <file>file:/C:/Users/migue/MPLABXProjects/Chap4.X/newmain.c</file>
            <file>file:/C:/Users/migue/MPLABXProjects/Chap4.X/mcc_generated_files/pin_manager.c</file>
            <file>file:/C:/Users/migue/MPLABXProjects/Chap4.X/mcc_generated_files/pin_manager.h</file>
            <file>file:/C:/Users/migue/MPLABXProjects/Chap4.X/main.c</file>
            <file>file:/C:/Users/migue/MPLABXProjects/Chap4.X/nbproject/Makefile-default.mk</file>
            <file>file:/C:/Users/migue/MPLABXProjects/Chap4.X/nbproject/Makefile-impl.mk</file>
        </group>
    </open-files>
</project-private>
